{"$schema":"http://schema.management.azure.com/schemas/2015-01-01/deploymentTemplate.json#","contentVersion":"1.0.0.0","parameters":{"workspaceName":{"type":"string","metadata":"Workspace name","defaultValue":"jd-gmail-synapse"},"LS_AzureSqlDatabase":{"type":"string"},"LS_Dataverse":{"type":"string"}},"variables":{"workspaceId":"[concat('Microsoft.Synapse/workspaces/', parameters('workspaceName'))]"},"resources":[{"name":"[concat(parameters('workspaceName'), '/PL DV AZ SQL - Initial Load ALL TABLES')]","type":"Microsoft.Synapse/workspaces/pipelines","apiVersion":"2019-06-01-preview","properties":{"activities":[{"name":"Get DV Entities","type":"Lookup","dependsOn":[],"policy":{"timeout":"0.12:00:00","retry":0,"retryIntervalInSeconds":30,"secureOutput":false,"secureInput":false},"userProperties":[],"typeProperties":{"source":{"type":"AzureSqlSource","sqlReaderQuery":"Select distinct DataverseSourceEntity, TargetDatabase, TargetSchema, TargetTable\nfrom [etl].[ControlTable_Ingest_dataverse]\nwhere IsActiveFlag = 1","queryTimeout":"02:00:00","partitionOption":"None"},"dataset":{"referenceName":"DS_AZ_SQL","type":"DatasetReference","parameters":{"SchemaName":" ","TableName":" ","DatabaseName":" "}},"firstRowOnly":false}},{"name":"For Each Entity","type":"ForEach","dependsOn":[{"activity":"Get DV Entities","dependencyConditions":["Succeeded"]}],"userProperties":[],"typeProperties":{"items":{"value":"@activity('Get DV Entities').output.value","type":"Expression"},"isSequential":false,"activities":[{"name":"Copy DV to AZ SQL - Full","type":"Copy","dependsOn":[],"policy":{"timeout":"0.12:00:00","retry":0,"retryIntervalInSeconds":30,"secureOutput":false,"secureInput":false},"userProperties":[],"typeProperties":{"source":{"type":"CommonDataServiceForAppsSource"},"sink":{"type":"AzureSqlSink","preCopyScript":{"value":"drop table if exists @{item().TargetSchema}.@{item().TargetTable}","type":"Expression"},"writeBehavior":"insert","sqlWriterUseTableLock":false,"tableOption":"autoCreate","disableMetricsCollection":false},"enableStaging":false},"inputs":[{"referenceName":"DS_DATAVERSE","type":"DatasetReference","parameters":{"EntityName":{"value":"@item().DataverseSourceEntity","type":"Expression"}}}],"outputs":[{"referenceName":"DS_AZ_SQL","type":"DatasetReference","parameters":{"SchemaName":{"value":"@item().TargetSchema","type":"Expression"},"TableName":{"value":"@item().TargetTable","type":"Expression"},"DatabaseName":{"value":"@item().TargetDatabase","type":"Expression"}}}]},{"name":"Update etl control table - Success","type":"Script","dependsOn":[{"activity":"Copy DV to AZ SQL - Full","dependencyConditions":["Succeeded"]}],"policy":{"timeout":"0.12:00:00","retry":0,"retryIntervalInSeconds":30,"secureOutput":false,"secureInput":false},"userProperties":[],"linkedServiceName":{"referenceName":"[parameters('LS_AzureSqlDatabase')]","type":"LinkedServiceReference"},"typeProperties":{"scripts":[{"parameters":[{"name":"TargetSchema","type":"String","value":{"value":"@item().TargetSchema","type":"Expression"},"direction":"Input"},{"name":"TargetTable","type":"String","value":{"value":"@item().TargetTable","type":"Expression"},"direction":"Input"},{"name":"PipelineRunDateTimeUTC","type":"Datetime","value":{"value":"@pipeline().TriggerTime","type":"Expression"},"direction":"Input"},{"name":"WatermarkDateTimeUTC","type":"Datetime","value":{"value":"@utcNow()","type":"Expression"},"direction":"Input"},{"name":"LastRunStatus","type":"String","value":"Success","direction":"Input"},{"name":"PipelineRunId","type":"String","value":{"value":"@pipeline().RunId","type":"Expression"},"direction":"Input"},{"name":"PipelineTriggerName","type":"String","value":{"value":"@pipeline().TriggerName","type":"Expression"},"direction":"Input"}],"type":"NonQuery","text":"update etl.ControlTable_Ingest_dataverse\nset PipelineLastRunDateTimeUTC = @PipelineRunDateTimeUTC\n , DeltaLastWatermarkDateTimeUTC = cast(@WatermarkDateTimeUTC as datetime2)\n , LastRunStatus = @LastRunStatus\n, PipelineRunId = @PipelineRunId\n, PipelineTriggerName = @PipelineTriggerName\n where TargetSchema = @TargetSchema\nand TargetTable = @TargetTable"}],"scriptBlockExecutionTimeout":"02:00:00"}}]}}],"policy":{"elapsedTimeMetric":{}},"folder":{"name":"Dataverse to Azure SQL"},"annotations":[],"lastPublishTime":"2024-10-25T21:09:23Z"},"dependsOn":["[concat(variables('workspaceId'), '/datasets/DS_AZ_SQL')]","[concat(variables('workspaceId'), '/datasets/DS_DATAVERSE')]"]},{"name":"[concat(parameters('workspaceName'), '/DS_AZ_SQL')]","type":"Microsoft.Synapse/workspaces/datasets","apiVersion":"2019-06-01-preview","properties":{"linkedServiceName":{"referenceName":"[parameters('LS_AzureSqlDatabase')]","type":"LinkedServiceReference"},"parameters":{"SchemaName":{"type":"string"},"TableName":{"type":"string"},"DatabaseName":{"type":"string","defaultValue":"dobbinsdb"}},"annotations":[],"type":"AzureSqlTable","schema":[],"typeProperties":{"schema":{"value":"@dataset().SchemaName","type":"Expression"},"table":{"value":"@dataset().TableName","type":"Expression"}}},"dependsOn":[]},{"name":"[concat(parameters('workspaceName'), '/DS_DATAVERSE')]","type":"Microsoft.Synapse/workspaces/datasets","apiVersion":"2019-06-01-preview","properties":{"linkedServiceName":{"referenceName":"[parameters('LS_Dataverse')]","type":"LinkedServiceReference"},"parameters":{"EntityName":{"type":"string","defaultValue":"account"}},"annotations":[],"type":"CommonDataServiceForAppsEntity","schema":[],"typeProperties":{"entityName":{"value":"@dataset().EntityName","type":"Expression"}}},"dependsOn":[]}]}