{"$schema":"http://schema.management.azure.com/schemas/2015-01-01/deploymentTemplate.json#","contentVersion":"1.0.0.0","parameters":{"workspaceName":{"type":"string","metadata":"Workspace name","defaultValue":"jdsynapse"},"LS_AZSQL":{"type":"string"},"LS_Dataverse":{"type":"string"}},"variables":{"workspaceId":"[concat('Microsoft.Synapse/workspaces/', parameters('workspaceName'))]"},"resources":[{"name":"[concat(parameters('workspaceName'), '/PL_DV_AZSQL')]","type":"Microsoft.Synapse/workspaces/pipelines","apiVersion":"2019-06-01-preview","properties":{"description":"This pipeline moves data from Dataverse tables into Azure SQL DB","activities":[{"name":"Get source table to AZ SQL Table List","description":"Gets list of source tables to move to AZ SQL. ","type":"Lookup","dependsOn":[{"activity":"SET_CURRENT_UTC_DATE_TIME","dependencyConditions":["Succeeded"]}],"policy":{"timeout":"0.00:20:00","retry":1,"retryIntervalInSeconds":30,"secureOutput":false,"secureInput":false},"userProperties":[],"typeProperties":{"source":{"type":"AzureSqlSource","sqlReaderQuery":{"value":"SELECT *, convert(varchar,isnull(DeltaLastWatermarkDateTimeUTC,'1900-01-01'),120) as FormattedLastWatermarkDateTimeUTC\nFROM etl.ControlTable_Ingest_dataverse\nWHERE IsActiveFlag = 1","type":"Expression"},"queryTimeout":"00:20:00","partitionOption":"None"},"dataset":{"referenceName":"DS_AZSQL","type":"DatasetReference","parameters":{"SchemaName":" ","TableName":" ","DatabaseName":"dobbinsdb"}},"firstRowOnly":false}},{"name":"Iterate Table List","type":"ForEach","dependsOn":[{"activity":"Get source table to AZ SQL Table List","dependencyConditions":["Succeeded"]}],"userProperties":[],"typeProperties":{"items":{"value":"@activity('Get source table to AZ SQL Table List').output.value","type":"Expression"},"activities":[{"name":"Extraction Method","type":"Switch","dependsOn":[],"userProperties":[],"typeProperties":{"on":{"value":"@item().SourceExtractMethod","type":"Expression"},"cases":[{"value":"FULL","activities":[{"name":"Copy Source to AZSQL FULL","type":"Copy","dependsOn":[],"policy":{"timeout":"0.12:00:00","retry":1,"retryIntervalInSeconds":30,"secureOutput":false,"secureInput":false},"userProperties":[{"name":"Source","value":"@{item().SourceEntity}"},{"name":"Destination","value":"@{item().TargetSchema}.@{item().TargetTable}"}],"typeProperties":{"source":{"type":"CommonDataServiceForAppsSource","additionalColumns":[{"name":"_SourceExtractMethod","value":{"value":"@item().SourceExtractMethod","type":"Expression"}},{"name":"_SourceExtractDateTimeUTC","value":{"value":"@variables('varCurrentDateTimeUTC')","type":"Expression"}}]},"sink":{"type":"AzureSqlSink","preCopyScript":{"value":"@{item().PreCopyScript}","type":"Expression"},"writeBehavior":"insert","sqlWriterUseTableLock":false,"tableOption":"autoCreate","disableMetricsCollection":false},"enableStaging":false},"inputs":[{"referenceName":"DS_Dataverse","type":"DatasetReference","parameters":{"EntityName":{"value":"@item().SourceEntity","type":"Expression"}}}],"outputs":[{"referenceName":"DS_AZSQL","type":"DatasetReference","parameters":{"SchemaName":{"value":"@item().TargetSchema","type":"Expression"},"TableName":{"value":"@item().TargetTable","type":"Expression"},"DatabaseName":{"value":"@item().TargetDatabase","type":"Expression"}}}]}]},{"value":"DELTA","activities":[{"name":"Copy Source to AZSQL DELTA","type":"Copy","dependsOn":[{"activity":"Set varWatermarkDateTimeUTC","dependencyConditions":["Succeeded"]},{"activity":"Append PKColumn","dependencyConditions":["Succeeded"]}],"policy":{"timeout":"0.12:00:00","retry":0,"retryIntervalInSeconds":30,"secureOutput":false,"secureInput":false},"userProperties":[],"typeProperties":{"source":{"type":"CommonDataServiceForAppsSource","query":{"value":"@replace('<fetch mapping=''logical''>\n  <entity name=''account''>\n    <filter>\n      <condition attribute=''modifiedon'' operator=''gt'' value=''datelastretrievedUTC'' />\n    </filter>\n  </entity>\n</fetch>' \n,'datelastretrievedUTC' \n, variables('varWatermarkDateTimeUTC'))","type":"Expression"}},"sink":{"type":"AzureSqlSink","writeBehavior":"upsert","upsertSettings":{"useTempDB":true,"keys":{"value":"@variables('varPKColumn')","type":"Expression"}},"sqlWriterUseTableLock":false,"tableOption":"autoCreate","disableMetricsCollection":false},"enableStaging":false},"inputs":[{"referenceName":"DS_Dataverse","type":"DatasetReference","parameters":{"EntityName":"account"}}],"outputs":[{"referenceName":"DS_AZSQL","type":"DatasetReference","parameters":{"SchemaName":{"value":"@item().TargetSchema","type":"Expression"},"TableName":{"value":"@item().TargetTable","type":"Expression"},"DatabaseName":{"value":"@item().TargetDatabase","type":"Expression"}}}]},{"name":"Set varWatermarkDateTimeUTC","type":"SetVariable","dependsOn":[],"policy":{"secureOutput":false,"secureInput":false},"userProperties":[],"typeProperties":{"variableName":"varWatermarkDateTimeUTC","value":{"value":"@concat(\n    replace(item().FormattedLastWatermarkDateTimeUTC, ' ', 'T'),\n    'Z')","type":"Expression"}}},{"name":"Append PKColumn","type":"AppendVariable","dependsOn":[],"userProperties":[],"typeProperties":{"variableName":"varPKColumn","value":{"value":"@item().TargetKeyColumn","type":"Expression"}}}]}]}},{"name":"Update etl control table - Success","type":"Script","dependsOn":[{"activity":"Extraction Method","dependencyConditions":["Succeeded"]}],"policy":{"timeout":"0.12:00:00","retry":0,"retryIntervalInSeconds":30,"secureOutput":false,"secureInput":false},"userProperties":[],"linkedServiceName":{"referenceName":"[parameters('LS_AZSQL')]","type":"LinkedServiceReference","parameters":{"dbName":"dobbinsdb"}},"typeProperties":{"scripts":[{"parameters":[{"name":"Id","type":"Int64","value":{"value":"@item().id","type":"Expression"},"direction":"Input"},{"name":"PipelineRunDateTimeUTC","type":"Datetime","value":{"value":"@pipeline().TriggerTime","type":"Expression"},"direction":"Input"},{"name":"WatermarkDateTimeUTC","type":"Datetime","value":{"value":"@variables('varCurrentDateTimeUTC')","type":"Expression"},"direction":"Input"},{"name":"LastRunStatus","type":"String","value":"Success","direction":"Input"}],"type":"NonQuery","text":"update etl.ControlTable_Ingest_dataverse\nset PipelineLastRunDateTimeUTC = @PipelineRunDateTimeUTC\n , DeltaLastWatermarkDateTimeUTC = ISNULL(@WatermarkDateTimeUTC,convert(date,'1900-01-01 00:00:00'))\n , LastRunStatus = @LastRunStatus\n where id = @Id"}],"scriptBlockExecutionTimeout":"02:00:00"}},{"name":"Update etl control table - Failure","type":"Script","dependsOn":[{"activity":"Extraction Method","dependencyConditions":["Failed"]}],"policy":{"timeout":"0.12:00:00","retry":0,"retryIntervalInSeconds":30,"secureOutput":false,"secureInput":false},"userProperties":[],"linkedServiceName":{"referenceName":"[parameters('LS_AZSQL')]","type":"LinkedServiceReference","parameters":{"dbName":"dobbinsdb"}},"typeProperties":{"scripts":[{"parameters":[{"name":"Id","type":"Int64","value":{"value":"@item().id","type":"Expression"},"direction":"Input"},{"name":"PipelineRunDateTimeUTC","type":"Datetime","value":{"value":"@pipeline().TriggerTime","type":"Expression"},"direction":"Input"},{"name":"LastRunStatus","type":"String","value":"Failure","direction":"Input"}],"type":"NonQuery","text":"update etl.ControlTable_Ingest_dataverse\nset PipelineLastRunDateTimeUTC = @PipelineRunDateTimeUTC\n , LastRunStatus = @LastRunStatus\n where id = @Id"}],"scriptBlockExecutionTimeout":"02:00:00"}}]}},{"name":"SET_CURRENT_UTC_DATE_TIME","type":"SetVariable","dependsOn":[],"policy":{"secureOutput":false,"secureInput":false},"userProperties":[],"typeProperties":{"variableName":"varCurrentDateTimeUTC","value":{"value":"@concat(formatDateTime(utcNow(),'yyyy'),'-',\r\nformatDateTime(utcNow(),'MM'),'-',\r\nformatDateTime(utcNow(),'dd'),' ',\r\nformatDateTime(utcNow(),'HH'),':',\r\nformatDateTime(utcNow(),'mm'),':',\r\nformatDateTime(utcNow(),'ss'))","type":"Expression"}}}],"policy":{"elapsedTimeMetric":{}},"variables":{"varCurrentDateTimeUTC":{"type":"String","defaultValue":"1900-01-01 00:00:00"},"varWatermarkDateTimeUTC":{"type":"String"},"varPKColumn":{"type":"Array"}},"folder":{"name":"FFX"},"annotations":[],"lastPublishTime":"2023-05-16T14:37:12Z"},"dependsOn":["[concat(variables('workspaceId'), '/datasets/DS_AZSQL')]","[concat(variables('workspaceId'), '/datasets/DS_Dataverse')]"]},{"name":"[concat(parameters('workspaceName'), '/DS_AZSQL')]","type":"Microsoft.Synapse/workspaces/datasets","apiVersion":"2019-06-01-preview","properties":{"linkedServiceName":{"referenceName":"[parameters('LS_AZSQL')]","type":"LinkedServiceReference","parameters":{"dbName":{"value":"@dataset().DatabaseName","type":"Expression"}}},"parameters":{"SchemaName":{"type":"string"},"TableName":{"type":"string"},"DatabaseName":{"type":"string","defaultValue":"dobbinsdb"}},"annotations":[],"type":"AzureSqlTable","schema":[],"typeProperties":{"schema":{"value":"@dataset().SchemaName","type":"Expression"},"table":{"value":"@dataset().TableName","type":"Expression"}}},"dependsOn":[]},{"name":"[concat(parameters('workspaceName'), '/DS_Dataverse')]","type":"Microsoft.Synapse/workspaces/datasets","apiVersion":"2019-06-01-preview","properties":{"linkedServiceName":{"referenceName":"[parameters('LS_Dataverse')]","type":"LinkedServiceReference"},"parameters":{"EntityName":{"type":"string","defaultValue":"account"}},"annotations":[],"type":"CommonDataServiceForAppsEntity","schema":[],"typeProperties":{"entityName":{"value":"@dataset().EntityName","type":"Expression"}}},"dependsOn":[]}]}