{"$schema":"http://schema.management.azure.com/schemas/2015-01-01/deploymentTemplate.json#","contentVersion":"1.0.0.0","parameters":{"workspaceName":{"type":"string","metadata":"Workspace name","defaultValue":"jd-gmail-synapse"},"LS_AzureSqlDatabase":{"type":"string"},"LS_Dataverse":{"type":"string"}},"variables":{"workspaceId":"[concat('Microsoft.Synapse/workspaces/', parameters('workspaceName'))]"},"resources":[{"name":"[concat(parameters('workspaceName'), '/PL_DV_AZSQL')]","type":"Microsoft.Synapse/workspaces/pipelines","apiVersion":"2019-06-01-preview","properties":{"description":"This pipeline moves data from Dataverse tables into Azure SQL DB","activities":[{"name":"Get source table to AZ SQL Table List","description":"Gets list of source tables to move to AZ SQL. ","type":"Lookup","dependsOn":[{"activity":"SET_CURRENT_UTC_DATE_TIME","dependencyConditions":["Succeeded"]}],"policy":{"timeout":"0.00:20:00","retry":1,"retryIntervalInSeconds":30,"secureOutput":false,"secureInput":false},"userProperties":[],"typeProperties":{"source":{"type":"AzureSqlSource","sqlReaderQuery":{"value":"SELECT *, convert(varchar,isnull(DeltaLastWatermarkDateTimeUTC,'1900-01-01'),120) as FormattedLastWatermarkDateTimeUTC\nFROM etl.ControlTable_Ingest_dataverse\nWHERE IsActiveFlag = 1","type":"Expression"},"queryTimeout":"00:20:00","partitionOption":"None"},"dataset":{"referenceName":"DS_AZ_SQL","type":"DatasetReference","parameters":{"SchemaName":" ","TableName":" ","DatabaseName":"dobbinsdb"}},"firstRowOnly":false}},{"name":"Iterate Table List","type":"ForEach","dependsOn":[{"activity":"Get source table to AZ SQL Table List","dependencyConditions":["Succeeded"]}],"userProperties":[],"typeProperties":{"items":{"value":"@activity('Get source table to AZ SQL Table List').output.value","type":"Expression"},"activities":[{"name":"Extraction Method","type":"Switch","dependsOn":[],"userProperties":[],"typeProperties":{"on":{"value":"@item().SourceExtractMethod","type":"Expression"},"cases":[{"value":"FULL","activities":[{"name":"Exec PL DV AZ SQL - Full","type":"ExecutePipeline","dependsOn":[],"policy":{"secureInput":false},"userProperties":[],"typeProperties":{"pipeline":{"referenceName":"PL DV AZ SQL - Full","type":"PipelineReference"},"waitOnCompletion":false,"parameters":{"SourceEntity":{"value":"@item().DataverseSourceEntity","type":"Expression"},"TargetDatabase":{"value":"@item().TargetDatabase","type":"Expression"},"TargetSchema":{"value":"@item().TargetSchema","type":"Expression"},"TargetTable":{"value":"@item().TargetTable","type":"Expression"}}}}]},{"value":"DELTA","activities":[{"name":"Run PL - DV AZ SQL - Incremental","type":"ExecutePipeline","dependsOn":[],"policy":{"secureInput":false},"userProperties":[],"typeProperties":{"pipeline":{"referenceName":"PL DV AZ SQL - Incremental","type":"PipelineReference"},"waitOnCompletion":false,"parameters":{"PrimaryKeyColumn":{"value":"@item().TargetKeyColumn","type":"Expression"},"EntityName":{"value":"@item().DataverseSourceEntity","type":"Expression"},"ObjectTypeCode":{"value":"@item().ObjectTypeCode","type":"Expression"},"WatermarkDateTimeUTC":{"value":"@concat(\n    replace(item().FormattedLastWatermarkDateTimeUTC, ' ', 'T'),\n    'Z')","type":"Expression"},"TargetDatabase":{"value":"@item().TargetDatabase","type":"Expression"},"TargetSchema":{"value":"@item().TargetSchema","type":"Expression"},"TargetTable":{"value":"@item().TargetTable","type":"Expression"},"StageSchema":{"value":"@item().StageSchema","type":"Expression"},"DeltaWatermarkColumnName":{"value":"@item().DeltaWatermarkColumnName","type":"Expression"},"CurrentDateTimeUTC":{"value":"@variables('varCurrentDateTimeUTC')","type":"Expression"}}}}]}]}},{"name":"Update etl control table - Success","type":"Script","dependsOn":[{"activity":"Extraction Method","dependencyConditions":["Succeeded"]}],"policy":{"timeout":"0.12:00:00","retry":0,"retryIntervalInSeconds":30,"secureOutput":false,"secureInput":false},"userProperties":[],"linkedServiceName":{"referenceName":"[parameters('LS_AzureSqlDatabase')]","type":"LinkedServiceReference"},"typeProperties":{"scripts":[{"parameters":[{"name":"Id","type":"Int64","value":{"value":"@item().id","type":"Expression"},"direction":"Input"},{"name":"PipelineRunDateTimeUTC","type":"Datetime","value":{"value":"@pipeline().TriggerTime","type":"Expression"},"direction":"Input"},{"name":"WatermarkDateTimeUTC","type":"Datetime","value":{"value":"@variables('varCurrentDateTimeUTC')","type":"Expression"},"direction":"Input"},{"name":"LastRunStatus","type":"String","value":"Success","direction":"Input"},{"name":"PipelineRunId","type":"String","value":{"value":"@pipeline().RunId","type":"Expression"},"direction":"Input"},{"name":"PipelineTriggerName","type":"String","value":{"value":"@pipeline().TriggerName","type":"Expression"},"direction":"Input"}],"type":"NonQuery","text":"update etl.ControlTable_Ingest_dataverse\nset PipelineLastRunDateTimeUTC = @PipelineRunDateTimeUTC\n , DeltaLastWatermarkDateTimeUTC = ISNULL(@WatermarkDateTimeUTC,convert(date,'1900-01-01 00:00:00'))\n , LastRunStatus = @LastRunStatus\n, PipelineRunId = @PipelineRunId\n, PipelineTriggerName = @PipelineTriggerName\n where id = @Id"}],"scriptBlockExecutionTimeout":"02:00:00"}},{"name":"Update etl control table - Failure","type":"Script","dependsOn":[{"activity":"Extraction Method","dependencyConditions":["Failed"]}],"policy":{"timeout":"0.12:00:00","retry":0,"retryIntervalInSeconds":30,"secureOutput":false,"secureInput":false},"userProperties":[],"linkedServiceName":{"referenceName":"[parameters('LS_AzureSqlDatabase')]","type":"LinkedServiceReference"},"typeProperties":{"scripts":[{"parameters":[{"name":"Id","type":"Int64","value":{"value":"@item().id","type":"Expression"},"direction":"Input"},{"name":"PipelineRunDateTimeUTC","type":"Datetime","value":{"value":"@pipeline().TriggerTime","type":"Expression"},"direction":"Input"},{"name":"LastRunStatus","type":"String","value":"Failure","direction":"Input"},{"name":"PipelineRunId","type":"String","value":{"value":"@pipeline().RunId","type":"Expression"},"direction":"Input"},{"name":"PipelineTriggerName","type":"String","value":{"value":"@pipeline().TriggerName","type":"Expression"},"direction":"Input"}],"type":"NonQuery","text":"update etl.ControlTable_Ingest_dataverse\nset PipelineLastRunDateTimeUTC = @PipelineRunDateTimeUTC\n , LastRunStatus = @LastRunStatus\n, PipelineRunId = @PipelineRunId\n, PipelineTriggerName = @PipelineTriggerName\n where id = @Id"}],"scriptBlockExecutionTimeout":"02:00:00"}}]}},{"name":"SET_CURRENT_UTC_DATE_TIME","type":"SetVariable","dependsOn":[],"policy":{"secureOutput":false,"secureInput":false},"userProperties":[],"typeProperties":{"variableName":"varCurrentDateTimeUTC","value":{"value":"@concat(formatDateTime(utcNow(),'yyyy'),'-',\r\nformatDateTime(utcNow(),'MM'),'-',\r\nformatDateTime(utcNow(),'dd'),' ',\r\nformatDateTime(utcNow(),'HH'),':',\r\nformatDateTime(utcNow(),'mm'),':',\r\nformatDateTime(utcNow(),'ss'))","type":"Expression"}}}],"policy":{"elapsedTimeMetric":{}},"variables":{"varCurrentDateTimeUTC":{"type":"String","defaultValue":"1900-01-01 00:00:00"},"varWatermarkDateTimeUTC":{"type":"String"},"varPKColumn":{"type":"Array"}},"folder":{"name":"Dataverse to Azure SQL"},"annotations":[],"lastPublishTime":"2024-10-29T21:28:47Z"},"dependsOn":["[concat(variables('workspaceId'), '/datasets/DS_AZ_SQL')]","[concat(variables('workspaceId'), '/pipelines/PL DV AZ SQL - Full')]","[concat(variables('workspaceId'), '/pipelines/PL DV AZ SQL - Incremental')]"]},{"name":"[concat(parameters('workspaceName'), '/DS_AZ_SQL')]","type":"Microsoft.Synapse/workspaces/datasets","apiVersion":"2019-06-01-preview","properties":{"linkedServiceName":{"referenceName":"[parameters('LS_AzureSqlDatabase')]","type":"LinkedServiceReference"},"parameters":{"SchemaName":{"type":"string"},"TableName":{"type":"string"},"DatabaseName":{"type":"string","defaultValue":"dobbinsdb"}},"annotations":[],"type":"AzureSqlTable","schema":[],"typeProperties":{"schema":{"value":"@dataset().SchemaName","type":"Expression"},"table":{"value":"@dataset().TableName","type":"Expression"}}},"dependsOn":[]},{"name":"[concat(parameters('workspaceName'), '/PL DV AZ SQL - Full')]","type":"Microsoft.Synapse/workspaces/pipelines","apiVersion":"2019-06-01-preview","properties":{"activities":[{"name":"Copy Source to AZSQL FULL","type":"Copy","dependsOn":[],"policy":{"timeout":"0.12:00:00","retry":1,"retryIntervalInSeconds":30,"secureOutput":false,"secureInput":false},"userProperties":[{"name":"Source","value":"@{pipeline().parameters.SourceEntity}"},{"name":"Destination","value":"@{pipeline().parameters.TargetSchema}.@{pipeline().parameters.TargetTable}"}],"typeProperties":{"source":{"type":"CommonDataServiceForAppsSource"},"sink":{"type":"AzureSqlSink","preCopyScript":{"value":"drop table if exists @{pipeline().parameters.TargetSchema}.@{pipeline().parameters.TargetTable}","type":"Expression"},"writeBehavior":"insert","sqlWriterUseTableLock":false,"tableOption":"autoCreate","disableMetricsCollection":false},"enableStaging":false},"inputs":[{"referenceName":"DS_DATAVERSE","type":"DatasetReference","parameters":{"EntityName":{"value":"@pipeline().parameters.SourceEntity","type":"Expression"}}}],"outputs":[{"referenceName":"DS_AZ_SQL","type":"DatasetReference","parameters":{"SchemaName":{"value":"@pipeline().parameters.TargetSchema","type":"Expression"},"TableName":{"value":"@pipeline().parameters.TargetTable","type":"Expression"},"DatabaseName":{"value":"@pipeline().parameters.TargetDatabase","type":"Expression"}}}]}],"policy":{"elapsedTimeMetric":{}},"parameters":{"SourceEntity":{"type":"string"},"TargetDatabase":{"type":"string"},"TargetSchema":{"type":"string"},"TargetTable":{"type":"string"}},"folder":{"name":"Dataverse to Azure SQL"},"annotations":[],"lastPublishTime":"2024-10-29T15:15:46Z"},"dependsOn":["[concat(variables('workspaceId'), '/datasets/DS_DATAVERSE')]","[concat(variables('workspaceId'), '/datasets/DS_AZ_SQL')]"]},{"name":"[concat(parameters('workspaceName'), '/PL DV AZ SQL - Incremental')]","type":"Microsoft.Synapse/workspaces/pipelines","apiVersion":"2019-06-01-preview","properties":{"activities":[{"name":"Append PKColumn","description":"do this since you have to have keys in an array for upserts in the copy activities","type":"AppendVariable","dependsOn":[],"userProperties":[],"typeProperties":{"variableName":"varPKColumn","value":{"value":"@pipeline().parameters.PrimaryKeyColumn","type":"Expression"}}},{"name":"Count Deleted Records","description":"Queries the audit entity to count the number of records deleted since the last run","type":"Lookup","dependsOn":[{"activity":"If Updates","dependencyConditions":["Succeeded"]}],"policy":{"timeout":"0.12:00:00","retry":0,"retryIntervalInSeconds":30,"secureOutput":false,"secureInput":false},"userProperties":[],"typeProperties":{"source":{"type":"CommonDataServiceForAppsSource","query":{"value":"<fetch distinct=\"false\" mapping=\"logical\" aggregate=\"true\">\n  <entity name=\"audit\">\n    <attribute name=\"auditid\" alias=\"recordcount\" aggregate=\"count\" />\n    <filter type=\"and\">\n      <condition attribute=\"operation\" operator=\"eq\" value=\"3\" />\n      <condition attribute=\"objecttypecode\" operator=\"eq\" value=\"@{pipeline().parameters.ObjectTypeCode}\" />\n      <condition attribute=\"createdon\" operator=\"gt\" value=\"@{pipeline().parameters.WatermarkDateTimeUTC}\" />\n      <condition attribute=\"createdon\" operator=\"le\" value=\"@{pipeline().parameters.CurrentDateTimeUTC}\" />      \n    </filter>\n  </entity>\n</fetch>","type":"Expression"}},"dataset":{"referenceName":"DS_DATAVERSE","type":"DatasetReference","parameters":{"EntityName":" "}},"firstRowOnly":false}},{"name":"If Deletes","description":"Only delete records if there are records to be deleted (this depends on count deleted records activity)","type":"IfCondition","dependsOn":[{"activity":"Count Deleted Records","dependencyConditions":["Succeeded"]}],"userProperties":[],"typeProperties":{"expression":{"value":"@greater(activity('Count Deleted Records').output.value[0].recordcount,0)","type":"Expression"},"ifTrueActivities":[{"name":"Copy Deleted Records","description":"copy deleted records from the audit log","type":"Copy","dependsOn":[],"policy":{"timeout":"0.12:00:00","retry":0,"retryIntervalInSeconds":30,"secureOutput":false,"secureInput":false},"userProperties":[],"typeProperties":{"source":{"type":"CommonDataServiceForAppsSource","query":{"value":"<fetch mapping=\"logical\">\n  <entity name=\"audit\">\n    <filter type=\"and\">\n      <condition attribute=\"objecttypecode\" operator=\"eq\" value=\"@{pipeline().parameters.ObjectTypeCode}\" />\n      <condition attribute=\"operation\" operator=\"eq\" value=\"3\" />\n      <condition attribute=\"createdon\" operator=\"gt\" value=\"@{pipeline().parameters.WatermarkDateTimeUTC}\" />\n      <condition attribute=\"createdon\" operator=\"le\" value=\"@{pipeline().parameters.CurrentDateTimeUTC}\" />      \n    </filter>\n  </entity>\n</fetch>","type":"Expression"}},"sink":{"type":"AzureSqlSink","preCopyScript":{"value":"drop table if exists @{pipeline().parameters.StageSchema}.@{pipeline().parameters.EntityName}_deletes","type":"Expression"},"writeBehavior":"insert","sqlWriterUseTableLock":false,"tableOption":"autoCreate","disableMetricsCollection":false},"enableStaging":false},"inputs":[{"referenceName":"DS_DATAVERSE","type":"DatasetReference","parameters":{"EntityName":" "}}],"outputs":[{"referenceName":"DS_AZ_SQL","type":"DatasetReference","parameters":{"SchemaName":{"value":"@pipeline().parameters.StageSchema","type":"Expression"},"TableName":{"value":"@concat(pipeline().parameters.TargetTable, '_deletes')","type":"Expression"},"DatabaseName":{"value":"@pipeline().parameters.TargetDatabase","type":"Expression"}}}]},{"name":"Delete Records","description":"runs delete script on database to replicate deletions","type":"Script","dependsOn":[{"activity":"Copy Deleted Records","dependencyConditions":["Succeeded"]}],"policy":{"timeout":"0.12:00:00","retry":0,"retryIntervalInSeconds":30,"secureOutput":false,"secureInput":false},"userProperties":[],"linkedServiceName":{"referenceName":"[parameters('LS_AzureSqlDatabase')]","type":"LinkedServiceReference"},"typeProperties":{"scripts":[{"type":"NonQuery","text":{"value":"delete from @{pipeline().parameters.TargetSchema}.@{pipeline().parameters.TargetTable} where @{pipeline().parameters.PrimaryKeyColumn} in (select objectid from @{pipeline().parameters.StageSchema}.@{pipeline().parameters.EntityName}_deletes)","type":"Expression"}}],"scriptBlockExecutionTimeout":"02:00:00"}}]}},{"name":"Count Updated Records","type":"Lookup","dependsOn":[{"activity":"Append PKColumn","dependencyConditions":["Succeeded"]}],"policy":{"timeout":"0.12:00:00","retry":0,"retryIntervalInSeconds":30,"secureOutput":false,"secureInput":false},"userProperties":[],"typeProperties":{"source":{"type":"CommonDataServiceForAppsSource","query":{"value":"<fetch distinct=\"false\" mapping=\"logical\" aggregate=\"true\">\n  <entity name=\"@{pipeline().parameters.EntityName}\">\n    <attribute name=\"@{pipeline().parameters.PrimaryKeyColumn}\" alias=\"recordcount\" aggregate=\"count\" />\n    <filter type=\"and\">\n      <condition attribute=\"@{pipeline().parameters.DeltaWatermarkColumnName}\" operator=\"gt\" value=\"@{pipeline().parameters.WatermarkDateTimeUTC}\" />\n      <condition attribute=\"@{pipeline().parameters.DeltaWatermarkColumnName}\" operator=\"le\" value=\"@{pipeline().parameters.CurrentDateTimeUTC}\" />\n    </filter>\n  </entity>\n</fetch>","type":"Expression"}},"dataset":{"referenceName":"DS_DATAVERSE","type":"DatasetReference","parameters":{"EntityName":"account"}},"firstRowOnly":false}},{"name":"If Updates","type":"IfCondition","dependsOn":[{"activity":"Count Updated Records","dependencyConditions":["Succeeded"]}],"userProperties":[],"typeProperties":{"expression":{"value":"@greater(activity('Count Updated Records').output.value[0].recordcount,0)","type":"Expression"},"ifTrueActivities":[{"name":"Copy Source to AZSQL DELTA","type":"Copy","dependsOn":[],"policy":{"timeout":"0.12:00:00","retry":0,"retryIntervalInSeconds":30,"secureOutput":false,"secureInput":false},"userProperties":[],"typeProperties":{"source":{"type":"CommonDataServiceForAppsSource","query":{"value":"<fetch mapping=\"logical\">\n  <entity name=\"@{pipeline().parameters.EntityName}\">\n    <all-attributes />\n    <filter>\n      <condition attribute=\"@{pipeline().parameters.DeltaWatermarkColumnName}\" operator=\"gt\" value=\"@{pipeline().parameters.WatermarkDateTimeUTC}\" />\n      <condition attribute=\"@{pipeline().parameters.DeltaWatermarkColumnName}\" operator=\"le\" value=\"@{pipeline().parameters.CurrentDateTimeUTC}\" />\n     </filter>\n  </entity>\n</fetch>","type":"Expression"}},"sink":{"type":"AzureSqlSink","writeBehavior":"upsert","upsertSettings":{"useTempDB":true,"keys":{"value":"@variables('varPKColumn')","type":"Expression"}},"sqlWriterUseTableLock":false,"disableMetricsCollection":false},"enableStaging":false},"inputs":[{"referenceName":"DS_DATAVERSE","type":"DatasetReference","parameters":{"EntityName":"account"}}],"outputs":[{"referenceName":"DS_AZ_SQL","type":"DatasetReference","parameters":{"SchemaName":{"value":"@pipeline().parameters.TargetSchema","type":"Expression"},"TableName":{"value":"@pipeline().parameters.TargetTable","type":"Expression"},"DatabaseName":{"value":"@pipeline().parameters.TargetDatabase","type":"Expression"}}}]},{"name":"Exec PL DV AZ SQL - Full","description":"this runs if the copy to delta fails (table does not exist)","type":"ExecutePipeline","dependsOn":[{"activity":"Copy Source to AZSQL DELTA","dependencyConditions":["Failed"]}],"policy":{"secureInput":false},"userProperties":[],"typeProperties":{"pipeline":{"referenceName":"PL DV AZ SQL - Full","type":"PipelineReference"},"waitOnCompletion":false,"parameters":{"SourceEntity":{"value":"@pipeline().parameters.EntityName","type":"Expression"},"TargetDatabase":{"value":"@pipeline().parameters.TargetDatabase","type":"Expression"},"TargetSchema":{"value":"@pipeline().parameters.TargetSchema","type":"Expression"},"TargetTable":{"value":"@pipeline().parameters.TargetTable","type":"Expression"}}}}]}}],"policy":{"elapsedTimeMetric":{}},"parameters":{"PrimaryKeyColumn":{"type":"string"},"EntityName":{"type":"string"},"ObjectTypeCode":{"type":"string"},"WatermarkDateTimeUTC":{"type":"string"},"TargetDatabase":{"type":"string"},"TargetSchema":{"type":"string"},"TargetTable":{"type":"string"},"StageSchema":{"type":"string","defaultValue":"stg"},"DeltaWatermarkColumnName":{"type":"string"},"CurrentDateTimeUTC":{"type":"string"}},"variables":{"varPKColumn":{"type":"Array"}},"folder":{"name":"Dataverse to Azure SQL"},"annotations":[],"lastPublishTime":"2024-10-29T21:28:42Z"},"dependsOn":["[concat(variables('workspaceId'), '/datasets/DS_DATAVERSE')]","[concat(variables('workspaceId'), '/datasets/DS_AZ_SQL')]","[concat(variables('workspaceId'), '/pipelines/PL DV AZ SQL - Full')]"]},{"name":"[concat(parameters('workspaceName'), '/DS_DATAVERSE')]","type":"Microsoft.Synapse/workspaces/datasets","apiVersion":"2019-06-01-preview","properties":{"linkedServiceName":{"referenceName":"[parameters('LS_Dataverse')]","type":"LinkedServiceReference"},"parameters":{"EntityName":{"type":"string","defaultValue":"account"}},"annotations":[],"type":"CommonDataServiceForAppsEntity","schema":[],"typeProperties":{"entityName":{"value":"@dataset().EntityName","type":"Expression"}}},"dependsOn":[]}]}